﻿[
{
  "model": "location.user",
  "pk": 1,
  "fields": {
    "password": "pbkdf2_sha256$1000000$84FrmCsy7vXjxIqjVx5m8M$rIC76AtAYubUSJKjbxU2G+0i9ED19h6Od5XbJeE45Ms=",
    "last_login": "2025-04-23T01:26:16.726Z",
    "is_superuser": true,
    "username": "boubadebaby",
    "first_name": "",
    "last_name": "",
    "email": "societes1952@gmail.com",
    "is_staff": true,
    "is_active": true,
    "date_joined": "2025-04-10T02:32:36.466Z",
    "date_naissance": null,
    "user_type": "ADMIN",
    "phone": "",
    "city": "",
    "country": "CI",
    "photo": "",
    "parrain": null,
    "credit": "0.00",
    "is_verified": true,
    "groups": [],
    "user_permissions": []
  }
},
{
  "model": "location.user",
  "pk": 2,
  "fields": {
    "password": "pbkdf2_sha256$1000000$RvZz63vbfRwa9Y31sBJux6$UoKhxaZfZQqKjeW4nOa9VzdEQXXP4P6Ah9NNOBJoSl4=",
    "last_login": "2025-04-25T12:33:22.395Z",
    "is_superuser": false,
    "username": "boubadebaby1",
    "first_name": "Louis",
    "last_name": "Sangare",
    "email": "jreeet@gmail.com",
    "is_staff": false,
    "is_active": true,
    "date_joined": "2025-04-10T12:20:13.435Z",
    "date_naissance": null,
    "user_type": "PROPRIETAIRE",
    "phone": "+22507077785",
    "city": "Abidjan",
    "country": "CI",
    "photo": "profiles/PHOTO-2019-09-23-12-29-28.jpg",
    "parrain": null,
    "credit": "0.00",
    "is_verified": true,
    "groups": [],
    "user_permissions": []
  }
},
{
  "model": "location.user",
  "pk": 3,
  "fields": {
    "password": "pbkdf2_sha256$1000000$iClcyFB9FupxP44wnMV4cR$KQF8iNDhfA5OpATPNuYtRGmUU1S2iKSmHOKZd0rIDCA=",
    "last_login": "2025-04-29T01:12:41.870Z",
    "is_superuser": false,
    "username": "kevin",
    "first_name": "",
    "last_name": "",
    "email": "carolladebilou@icloud.com",
    "is_staff": false,
    "is_active": true,
    "date_joined": "2025-04-10T12:21:26.333Z",
    "date_naissance": null,
    "user_type": "LOUEUR",
    "phone": "51458565898",
    "city": "Montreal",
    "country": "CA",
    "photo": "",
    "parrain": null,
    "credit": "0.00",
    "is_verified": true,
    "groups": [],
    "user_permissions": []
  }
}
